group,paper_id,title,actual_label,local_decision,ai_decision,ai_confidence,quality_score,good_points,weak_points,must_modify,acceptance_plan,supervisor_note
Top Accept Candidates,383.0,DESIGNING NEURAL NETWORK ARCHITECTURES,Accept,Accept,MODIFY,0.85,85.9,"The paper tackles an important and timely problem of automating CNN architecture design by leveraging reinforcement learning, specifically Q-learning, which is a novel approach compared to prior genetic or random search methods. Experimental evaluation on standard datasets CIFAR-10 and SVHN with extensive analysis of the learning agent's behavior convincingly shows the efficacy and improvement of the proposed method. The inclusion of ablation via different values of exploration-exploitation parameter (epsilon) provides insight into the learning dynamics and model selection process. The writing is generally well-organized with clear sections for methodology and experiments, aiding reader comprehension. Adding dropout layers with progressively increasing dropout probabilities is an interesting design detail that helps regularize the networks during exploration.","The novelty claim is somewhat implicit and could be overshadowed by references to prior genetic algorithm and random search methods; the paper should explicitly emphasize what differentiates MetaQNN from these. The conclusion section is missing, which makes it difficult to grasp the overall contributions, summarize evidence, or understand limitations and future work. Limited discussion on the generalizability of the approach to other architectures, tasks, or scales is provided. Reproducibility information such as details on hyperparameters, code availability, or random seeds is sparse or absent. Ethical considerations related to automated neural architecture search (e.g., compute costs, accessibility) are not discussed, missing an opportunity to address broader impacts.","Abstract and Introduction (high): Add a concise and explicit statement highlighting how MetaQNN differs from and improves upon earlier approaches like genetic algorithms and random search, emphasizing the use of reinforcement learning for architecture search. Conclusion (Missing) (high): Add a conclusion section that restates the main contributions, summarizes experimental evidence, candidly discusses limitations (e.g., scaling, computational cost), and outlines future work to improve or extend the approach. Related Work (medium): Explicitly compare how MetaQNN's Q-learning based approach differs from and improves on genetic algorithms, network morphisms, or random search techniques, ideally with a dedicated paragraph for clarity. Experiments and Method (medium): Include a detailed appendix or supplemental section with all relevant experimental settings, model training details, and explicitly mention plans to release code and data splits for reproducibility purposes. Broader Impact and Limitations (low): Add a section addressing the compute resources required, possible fairness and access issues, and how these might be mitigated in future work.","Add a clear and concise conclusion section summarizing the manuscript's contributions, key experimental results, limitations, and proposed future work. Clarify the novelty and contribution of the MetaQNN method relative to prior work, particularly genetic algorithms and random search approaches, both in Introduction and Related Work sections. Expand the Related Work section with explicit comparisons emphasizing the advantages of Q-learning-based search. Provide a detailed description of experimental hyperparameters, training procedures, and validation splits in the main text or supplementary material to improve reproducibility. Disclose plans or provide links to code repositories and datasets to facilitate replication by other researchers. Briefly discuss the computing cost involved in the automated search and its implications on environmental and social aspects. Consider editorial refinement to improve sentences flagged as unclear or ambiguous for increased clarity and precision.","Overall, this paper presents an interesting and methodologically sound approach to neural architecture search using reinforcement learning, supported by convincing empirical results. However, there are critical presentation improvements needed before it reaches the standard for acceptance without modification. The lack of a conclusion section and insufficient explicit claims regarding novelty reduce clarity and impact. Addressing reproducibility details and broader impact considerations will enhance the paper's contribution and ethical awareness. The authors should be encouraged to revise accordingly to strengthen the work and facilitate understanding and adoption by the community."
Top Accept Candidates,1205.3054,Approximate Modified Policy Iteration,Accept,Accept,MODIFY,0.75,84.3,"The paper generalizes Modified Policy Iteration (MPI) with approximate algorithms, unifying Value Iteration and Policy Iteration in a single framework. It provides rigorous theoretical error bounds for the CBMPI algorithm, enhancing understanding of contributions and limitations. Empirical evaluation is thorough, comparing CBMPI favorably against strong baselines such as DPI and LSPI using established experimental settings. The paper highlights how the parameter m balances between policy and value evaluation errors, an insightful contribution. Writing in technical sections is overall clear and detailed, facilitating comprehension of complex iterative procedures.","Absence of a related-work section comparing the proposed AMPI algorithms to closest prior studies reduces context for novelty claims. The manuscript lacks a concise conclusion that restates core contributions, summarizes evidence, discusses limitations, and suggests future directions. Key methodological details needed for reproducing experiments and implementations are insufficiently described, limiting reproducibility. There is no explicit discussion about limitations, assumptions, or potential ethical considerations in applying these algorithms. Some notation is dense and could benefit from additional explanation or illustrative examples for better clarity, especially for readers less familiar with MPI variants.","Related Work (high): Add a thorough related-work section comparing AMPI and CBMPI to standard Approximate Policy Iteration, LSPI, DPI, and other relevant methods, emphasizing distinctions and improvements. Conclusion (high): Add a brief conclusion section restating the significance of AMPI and CBMPI contributions, summarizing key results and their implications, acknowledging limitations, and describing possible extensions or open problems. Methodology (high): Include exact definitions and instantiations of approximation spaces, parameter values used in experiments, pseudo-code of algorithms, and computational complexity considerations to improve reproducibility and clarity. Discussion and Analysis (medium): Incorporate a discussion about assumptions made, scalability and generalization limits of AMPI algorithms, and any ethical issues related to the application of policy iteration in sensitive domains.","Add a thorough related work section comparing the proposed methods with prior algorithms to clarify novelty and background. Include a concise yet comprehensive conclusion summarizing key contributions, empirical and theoretical insights, limitations, and future work. Enhance the methodology section with detailed descriptions and pseudo-code to enable exact reproducibility. Discuss limitations and ethical considerations explicitly to provide a balanced view of the approach. Proofread and clarify dense notation and add illustrative examples where beneficial for clearer presentation.","This paper addresses an important problem and provides significant theoretical and empirical advances in approximate policy iteration. However, it requires additions to contextualize contributions and to ensure reproducibility, which are essential for the paper to meet high academic standards. I recommend revision to address these points before final acceptance. Once improved, this work will be a valuable contribution to the reinforcement learning literature."
Top Accept Candidates,1507.03867,Rich Component Analysis,Accept,Accept,MODIFY,0.85,83.9,"The problem addressed is timely and relevant for multi-view heterogeneous data analysis, especially in biomedical contexts. Introduction clearly motivates the challenge of joint modeling when data has complex and independent latent factors. The method section presents a clear and elegant probabilistic model capturing shared and private latent components with a linear mixing structure. Use of cumulants to disentangle components is technically sound and well articulated. Experiments cover a diverse set of applications: PCA, mixture models, logistic regression, and Ising models, demonstrating method versatility. The model can recover not only the distribution of interest S1 but also the shared component S2 and additional parts S3, showing comprehensive modeling capability.","Absence of a dedicated related work section prevents situating this work in the broader literature and showing novelty over prior methods. No formal conclusion section — missing summary of contributions, limitations, and future work, which reduces clarity. Experimental evaluation lacks detailed baseline comparisons; it is unclear how RCA compares with standard or recent alternatives quantitatively. Ablation or sensitivity analyses are missing; the impact of various assumptions or choices (e.g., choice of cumulant order, dimensionality) is not studied. Reproducibility aspects such as hyperparameter settings, code, and dataset details are not sufficiently discussed. Discussion of limitations, failure cases, or ethical considerations is absent, which is important for practical deployment.","Related Work (high): Add a related work section that critically reviews the closest studies, highlighting differences and situating the contribution effectively. Conclusion (high): Include a concise conclusion that restates key contributions, discusses experimental support, mentions known limitations, and proposes avenues for future research. Experiments (high): Incorporate baseline methods and provide quantitative performance comparisons. Add ablation studies to analyze the effect of model choices and parameters. Reproducibility (medium): Provide thorough experimental details and consider releasing code or pseudocode to enable reproducibility of results. Discussion and Ethics (medium): Add a section on limitations and ethical considerations relevant to the deployment and interpretation of RCA.","Add a related work section to clearly position RCA relative to prior multi-view and contrastive learning methods. Write a formal conclusion summarizing contributions, experimental support, limitations, and future directions. Augment experiments with quantitative benchmark comparisons and ablation analyses to demonstrate robustness and superiority. Detail all experimental settings, including hyperparameters, and provide access to source code or detailed algorithmic descriptions for reproducibility. Include a discussion addressing limitations, potential ethical issues, and application scope of RCA.","Overall, this paper proposes a valuable method addressing an important problem with a solid theoretical basis and diverse experiments. However, it requires improvements in clarity, positioning against prior work, and experimental rigor to reach a polished, publication-ready state. Addressing the suggested modifications will substantially boost the paper's contribution and impact."
Top Accept Candidates,1106.0681,Accelerating Reinforcement Learning through Implicit Imitation,Reject,Accept,MODIFY,0.75,83.0,"The paper presents a clear formal model of implicit imitation grounded in Markov decision processes and model-based RL, demonstrating technical soundness. Experiments on a well-defined grid world environment illustrate the practical impact of the approach and compare it to independent RL baselines. The analysis section offers insights into when implicit imitation may lead to suboptimal solutions and how domain structure affects performance, showing thoughtful ablation and interpretation. The paper situates the work within established literature on imitation and multi-agent RL, giving adequate contextualization of contributions. The state-space structural analysis and exploration of metrics predicting imitation performance contribute useful theoretical understanding.","The novelty and contribution claims are implicit and not explicitly outlined, which hampers clarity and the perceived significance of the work. The conclusion section is missing or insufficient, lacking a concise restatement of contributions, limitations, and future research directions. Baseline comparisons are limited to independent RL and do not include other state-of-the-art imitation learning or knowledge transfer methods, limiting experimental rigor. Some experimental details such as parameter settings, hyperparameters, and statistical significance tests are not adequately reported, affecting reproducibility. Discussion of the limitations, ethical considerations, and potential negative impacts of imitation in multi-agent contexts is minimal or absent. The writing occasionally lacks precision, and the structure could be improved to highlight the flow from motivation to method to empirical findings and broader implications.","Introduction and Abstract (high): Add clear, concrete statements early in the paper (Abstract/Introduction) summarizing the novel aspects of the implicit imitation approach and its specific contributions relative to existing methods. Conclusion (high): Add a concise conclusion section that recaps the main achievements, reflects on limitations, and proposes avenues for future research to strengthen the paper's overall impact. Experiments and Results (high): Incorporate comparisons to additional relevant baseline methods in imitation learning. Expand experimental details with hyperparameters, seeds, and provide statistical significance measures to enhance reproducibility and robustness of findings. Related Work and Discussion (medium): Include a discussion section addressing potential limitations, risks, and ethical considerations related to imitation, such as bias amplification or over-reliance on expert demonstrations, improving paper balance and responsibility. Clarity and Structure (medium): Revise for clearer transitions and precise language, especially in methodological explanations and motivation framing, enhancing overall readability and comprehension.","Revise the Abstract and Introduction to clearly state novelty and contributions of implicit imitation. Add a dedicated Conclusion section summarizing key results, limitations, and future work. Expand experiments to include comparisons with other imitation learning methods and provide detailed experimental protocols with statistical analysis. Incorporate a discussion on limitations and ethical considerations of the proposed approach. Improve clarity and structure by revising sections for logical flow and precision in language.","While the paper addresses a relevant problem and presents solid methodological and experimental work, it falls short in explicitly articulating novelty and situating contributions clearly. The lack of a proper conclusion and limited baseline comparisons weaken the manuscript's current impact. The authors should focus on restructuring and clarifying their contributions, strengthening the experimental validation, and addressing ethical considerations before acceptance. The foundational work is sound and promising, but revisions as specified are necessary."
Top Accept Candidates,471.0,IMPROVING NEURAL CONVERSATION MODELS,Accept,Accept,MODIFY,0.8,81.2,"Addresses an important practical scenario of improving chatbots with reinforcement learning from noisy limited reward data. Proposes a policy gradient batch reinforcement learning (BPG) method that effectively leverages unlabelled sequence data with limited labels. Demonstrates qualitative improvements over maximum likelihood baseline in example conversations, reducing redundant or generic responses. Implements experiments with relevant real-world inspired data (customer service chat logs). Algorithmic description grounded in established Seq2Seq and reinforcement learning frameworks.","Introduction and related work could better situate the novelty of BPG relative to prior RL methods in dialogue systems. Lack of quantitative evaluation metrics makes it difficult to objectively assess improvement beyond qualitative examples. Absence of baseline comparisons with recent neural conversation models employing advanced training methods (e.g., maximum mutual information, adversarial learning). Limited ablation studies or analysis to isolate the contribution of BPG components (e.g., batch size, reward noise levels). Insufficient discussion on scalability and computational overhead of batch reinforcement learning in large-scale chatbot systems. The conclusion is somewhat brief and does not sufficiently outline limitations, future work, or ethical considerations regarding chatbot deployment.","Introduction (high): Enhance the introduction by explicitly stating the challenges in applying RL to chatbots (scarce labelled rewards, noisy data), then clarify how BPG addresses these gaps differently or more effectively than existing methods. Experiments and Results (high): Include quantitative metrics such as BLEU, ROUGE, or dialogue-specific metrics like perplexity and response relevance. Also, compare against state-of-the-art dialogue model baselines and simple ablations (e.g., ML model with fine-tuning, or other RL methods). Method (medium): Add pseudocode or algorithm boxes explaining BPG clearly. Elaborate on the reward signals used, how noisy labels are handled, and any stabilisation techniques applied during training. Conclusion (medium): Expand the conclusion to discuss these points, showing awareness of ethical considerations and limitations, e.g., handling ambiguous user input or bias in training data. Overall Clarity and Structure (medium): Add background sections or paragraphs to explain RL terminology (such as Q-learning, policy gradient) in the chatbot context. Clarify all experimental settings and implementation details explicitly.","Revise the introduction to clearly articulate the novelty of BPG in the context of prior RL work for dialogue generation. Add comprehensive quantitative evaluations using standard dialogue metrics alongside qualitative examples. Include more baseline comparisons with recent dialogue models and ablation studies isolating BPG components. Enhance method section with algorithmic details, reward design explanation, and training procedures. Expand conclusion to address limitations, ethical considerations, and future research directions. Improve overall clarity by adding background information and clarifying experimental details for better reproducibility.","The paper addresses a significant problem and proposes a novel approach with promising qualitative results. To reach acceptance level, the authors should strengthen empirical validation with quantitative metrics and baselines, clarify methodology and experimental setups, and provide a more comprehensive discussion of limitations and future work. These improvements will greatly increase the paper's impact and clarity."
Top Modify Candidates,1708.0858,Generating Sentence Planning Variations for Story Telling,Reject,Modify,MODIFY,0.85,50.0,"The paper addresses an important challenge in NLG for interactive storytelling—generating varied sentence plans automatically rather than relying on handcrafted templates. It leverages a well-thought-out pipeline combining three established tools: SCHEHERAZADE for story annotation, ES-TRANSLATOR for mapping narrative representations, and PERSONAGE for linguistic realization, showcasing modular integration. Conducted human evaluation experiments via Mechanical Turk to assess preferences regarding sentence planning variations, demonstrating empirical validation beyond automatic metrics. The authors identify and fix bugs introduced by domain differences between fable data and blog stories, indicating careful attention to data quality and robustness. Detailed linguistic description of the process for transforming deep syntactic structures into varying output sentences shows technical soundness and respect for linguistic complexity.","No dedicated related-work section; the paper misses comparing its approach and contributions with closest prior studies on story generation and sentence planning variation, weakening its scholarly positioning. Contribution and novelty claims are vague or implicit; the paper does not explicitly state what is novel beyond the integration of existing tools, nor how this advances state-of-the-art in narrative generation or language variation. The conclusion section is missing or lacks depth; the paper does not summarize key findings, discuss limitations, or suggest future work, which reduces clarity and completeness. Experimental evaluation lacks baseline comparisons with other narrative variation or NLG systems, and the analysis does not include ablation studies to isolate the impact of individual modules or parameters. The paper does not explicitly discuss ethical considerations or limitations of the approach, such as applicability to other genres or potential biases in story corpora. Some sections (e.g., methods, results) could benefit from clearer structure and signposting, improving readability and comprehension for the audience.","Introduction and Related Work (high): Add a Related Work section that surveys recent and classic literature on storytelling systems, sentence planning, and natural language variation clearly distinguishing prior approaches and highlighting how the paper's integrated system contributes differently or advances the state-of-the-art. Contribution and Novelty (high): Explicitly state what is novel in the approach (e.g., the pipeline's modular combination, the ability to generate point-of-view and aggregation variations, empirical findings from human evaluations) early in the introduction and summarize contributions at the end of the intro or in a dedicated section. Conclusion (high): Add a concise conclusion that summarizes the main contributions, findings from experiments, acknowledges limitations (e.g., domain constraints, system scalability), and outlines directions for future research. Experiments and Analysis (medium): Include comparisons against existing narrative generation or variation baselines or a handcrafted baseline. Also, perform ablation studies isolating impact of sentence planning parameters like deaggregation and point of view to better understand their contributions. Limitations and Ethics (medium): Add a limitations section discussing generalizability, potential biases in corpus or generated story styles, limitations of the current approach, and possible ethical implications or misuse scenarios in story generation.","Add a dedicated Related Work section comparing with prior narrative storytelling and sentence planning variations research. Explicitly state novel contributions of the approach early in the paper and summarize them clearly. Write a conclusion section summarizing contributions, experiments, limitations, and future work. Enrich experimental evaluation by including baseline comparisons and ablation studies clarifying the effect of key parameters. Add discussion on limitations and ethical considerations to increase completeness and responsible research reporting. Improve clarity and structure of methods and results sections with additional signposting and explanations.","The paper tackles an important problem and showcases a technically sound pipeline for generating storytelling variations. However, it currently reads more like a system description without sufficient contextualization or critical analysis. I recommend the authors focus on strengthening the scholarly contribution by explicitly stating novelty, situating the work within existing research through a related work section, and improving evaluation rigor. The absence of a concluding discussion and limited treatment of limitations also hurt its overall impact. Addressing these concerns should bring the paper up to an acceptance-ready standard."
Top Modify Candidates,1501.03084,Deep Learning with Nonparametric Clustering,Reject,Modify,MODIFY,0.85,50.0,"The paper tackles an important problem by integrating deep learning features with nonparametric clustering, potentially addressing the drawbacks of parametric models in unsupervised clustering. Use of deep belief networks (DBN) and restricted Boltzmann machines (RBM) for feature representation is well-motivated and aligns with recent trends in unsupervised feature learning. Experiments are conducted on two standard domains: images (MNIST) and documents, which demonstrates the method's applicability across different data types. Adjusted Rand Index (ARI) is used for evaluation, which is a suitable metric for clustering quality assessment. The paper compares against competitive baseline methods, including parametric and nonparametric clustering models, providing context for performance gains.","The manuscript lacks a clear and concise conclusion section summarizing contributions, limitations, and future work. Related work coverage is somewhat superficial and misses citing some relevant recent nonparametric clustering and deep clustering methods, reducing contextual clarity. The description of the nonparametric maximum margin clustering (NMMC) method is too brief and needs more mathematical detail and intuition for better technical soundness. Experimental section omits ablation studies and in-depth analysis to understand the contribution of each component (e.g., DBN feature learning versus clustering method). The baseline comparison lacks statistical significance tests or error bars, making it hard to judge robustness of results. Some notation and technical descriptions are ambiguous or missing; for example, lacking clear variable definitions and objective function formulations hurts reproducibility. Paper does not discuss limitations or ethical implications of the approach, which is increasingly expected in ML papers. Figures and tables need clearer captions and better formatting to improve readability.","Conclusion (high): Add a concise conclusion section that clearly restates the main contributions, summarizes key experimental results, discusses limitations such as model assumptions or scalability, and outlines possible future work to improve or extend the method. Related Work (high): Expand the related work section to include recent advances in deep clustering and nonparametric Bayesian models, citing works that combine unsupervised feature learning with flexible clustering methods. Highlight how this paper differentiates from them. Method (high): Provide a more detailed and rigorous description of NMMC, including the objective function, optimization procedure, and how it integrates with DBN features. Include equations and illustrative explanations to improve clarity. Experiments (medium): Include ablation experiments that evaluate the effect of different components—such as clustering without DBN features, with DBN features but without fine-tuning, and with fully fine-tuned models. Analyze results qualitatively and quantitatively to support claims. Experiments (medium): Report multiple runs with standard deviations or confidence intervals, and conduct statistical significance tests to show robustness of improvements relative to baselines. Presentation (medium): Define all variables and symbols clearly when introduced, explicate all mathematical steps, and provide algorithmic pseudocode for the overall framework. Consider including implementation details such as hyperparameter settings. Presentation (low): Revise figure and table captions to be fully self-contained, improve formatting and font sizes for clarity, and ensure all results are clearly presented and easy to interpret. Ethics and Limitations (low): Add a brief discussion on potential limitations such as model scalability, data bias impact, and application contexts where clustering errors might be critical. Mention the ethical implications of automated clustering in sensitive domains.","Add a dedicated Conclusion section addressing contributions, limitations, and future directions. Expand Related Work with more comprehensive citations on deep and nonparametric clustering. Deepen Method section with formal definitions and detailed explanations of the NMMC approach and its integration with DBN features. Add ablation studies isolating the effect of deep feature learning, clustering component, and fine-tuning to strengthen empirical support. Include multiple experimental runs, standard deviations, and significance tests for all reported metrics. Clarify notation, provide algorithmic pseudocode, and include implementation details to improve reproducibility. Improve figures and tables captions and formatting for better readability. Include a discussion on limitations and ethical implications to contextualize the method responsibly.","The paper presents a promising approach combining deep feature learning with nonparametric clustering but currently falls short in clarity and rigor needed for acceptance. The lack of a robust conclusion, insufficient theoretical explanations, and limited experimental analysis are the main weaknesses. I recommend a moderate revision focused on expanding and clarifying the method, enriching the comparisons and analyses, and improving the presentation. Addressing the outlined modifications should significantly enhance the manuscript's technical quality and readability."
Top Modify Candidates,558.0,#Exploration: A Study of Count-Based Exploration for Deep Reinforcement Learning,Reject,Modify,MODIFY,0.85,50.0,"Addresses a key challenge in deep RL: effective exploration in high-dimensional spaces. Leverages classical count-based ideas adapted via hashing for scalable exploration bonuses. Evaluates method on a meaningful and challenging benchmark suite (Atari games), including difficult exploration tasks like Montezuma's Revenge. Methodology section describes training details and environment setup clearly. Paper situates the approach in the context of previous count-based exploration research and contemporary deep RL algorithms.","The novelty and specific contributions are not clearly emphasized, making it difficult to understand what is new beyond prior count-based methods. The title does not clearly indicate the key methodological innovation, potentially reducing initial clarity. Experimental section lacks detailed baseline comparisons against current state-of-the-art exploration methods beyond broad statements. Ablation studies on the impact of hashing parameters and state preprocessing approaches are missing or not detailed enough. Clarity suffers from occasional jargon and insufficient explanation of why the count-based method is preferable in the deep RL context beyond theoretical discussion. Lack of discussion on limitations, e.g., scalability to environments beyond Atari or robustness to different hyperparameters. Reproducibility could be improved with more precise algorithmic details and hyperparameter settings. Ethical considerations and broader impacts are not discussed.","Title (high): Revise the title to explicitly mention the use of hashing-based counting for exploration in deep RL to signal both task and approach. Introduction (high): Add clear statements highlighting what exactly is novel compared to prior count-based and exploration methods, and the main contributions of the paper. Experiments (high): Include thorough comparisons with competitive baselines, provide quantitative tables, and present statistical significance where appropriate. Experiments (medium): Conduct and report ablation experiments to analyze the contributions of different elements of the method. Clarity and Structure (medium): Improve exposition by elaborating on key concepts, providing intuitions, and defining technical terms clearly. Conclusion and Discussion (low): Include a discussion on potential limitations, future work, and ethical implications of deploying RL agents using this exploration technique.","Revise the title to better reflect the method's novelty and focus on hashing in count-based exploration. Enhance the Introduction to clearly state unique contributions and how this work advances the field beyond prior methods. Expand the experimental section to include comprehensive baseline comparisons with recent exploration techniques, adding quantitative results and statistical validation. Add ablation studies detailing the effect of hashing parameters and preprocessing choices on performance. Improve clarity by elaborating technical parts, including background on classical methods, and simplifying jargon where possible. Include a dedicated section or paragraph discussing limitations, broader impact, and ethics. Provide sufficient implementation details and hyperparameters to aid reproducibility.","The paper tackles an important topic in deep reinforcement learning and provides promising results using a hashing-based count approximation for exploration. However, the presentation currently lacks clarity and explicit articulation of novelty, which hinders confidence in the contribution. Additionally, the experimental evaluation is insufficiently comprehensive and omits critical analysis through ablations and robust baseline comparisons. To reach acceptance, the authors should focus on clarifying the paper's core contributions, strengthening empirical validation, and improving readability. The suggested revisions aim to help the authors bring the paper to a publishable standard by making its value proposition and method more transparent and verifiable."
Top Modify Candidates,1602.05772,Corpus analysis without prior linguistic knowledge - unsupervised mining of phrases and subphrase structure,Reject,Modify,MODIFY,0.92,50.0,"The paper tackles an important problem of unsupervised phrase detection across multiple languages without linguistic priors, which is a challenging and relevant task. Evaluation is performed on a diverse set of corpora spanning six languages and multiple domains, demonstrating the method's general applicability. The paper attempts to link psycholinguistic motivation with NLP methodology, which is a useful perspective. Function words and phrase structures detected by the algorithm are analyzed with quantitative and qualitative results. The approach includes a recursive phrase splitting technique to identify subphrase structures, an interesting methodological contribution.","The title and abstract lack specificity and do not clearly communicate the novel task, method, or main contributions. The introduction and related work sections are somewhat unfocused and do not adequately position the paper against closely related unsupervised phrase mining or segmentation literature, making the novelty claims unclear. Method description lacks sufficient formal rigor and implementation details; details like algorithmic steps, hyperparameters, and complexity are missing or insufficiently explained. Experimental results lack baseline comparisons with state-of-the-art unsupervised or supervised phrase mining methods, limiting interpretation of effectiveness. The qualitative and quantitative evaluation is not sufficiently comprehensive or detailed; statistical significance and error analysis are absent. The conclusion is overly long and unfocused without a concise summary, explicit contribution recap, or a discussion of limitations and future work. No mention of code or data release, reducing reproducibility potential. Discussion of limitations and failure cases is minimal, which is a significant omission for an unsupervised method applied across many languages.","Title and Abstract (high): Revise the title to explicitly include key aspects such as 'unsupervised phrase and subphrase mining from raw corpora without linguistic knowledge.' Add a concise abstract summarizing motivation, method, datasets, main results, and novelty claims. Introduction and Related Work (high): Add paragraphs comparing to existing unsupervised phrase mining and segmentation literature. State clear contributions explicitly at the end of the introduction section. Emphasize differences from prior work and highlight novel aspects. Methodology (high): Add a formalized and detailed algorithm description (e.g., pseudocode or stepwise procedures). Document important hyperparameters and discuss scalability and computational costs. Experiments and Results (high): Include experiments comparing the method with established baselines for phrase mining or segmentation. Provide quantitative metrics such as precision, recall, F1 regarding phrase boundary detection or function word identification. Add error analysis and statistical significance testing where possible. Conclusion (medium): Rewrite the conclusion concisely to summarize key contributions, clearly state limitations of the approach, and suggest concrete future research directions. Reproducibility (medium): Add a section or appendix describing implementation details, parameter values, corpus preprocessing steps, and plans to release code and data if possible. Limitations and Ethics (medium): Add a dedicated section or text describing known limitations, failure cases, and possible ethical concerns or biases in the data and their impact on results.","Revise the title and add a concise, informative abstract. Strengthen the related work to clearly position the approach among existing phrase mining literature. Provide a formalized and detailed description of the methodology including algorithm pseudocode and parameter details. Augment experiments with baseline comparisons and comprehensive quantitative evaluations including error analysis. Add a concise conclusion summarizing contributions, limitations, and future work. Include a reproducibility section with code/data release plans and implementation details. Discuss limitations and ethical considerations explicitly to increase transparency.","This paper deals with an interesting problem and presents a method evaluated on diverse corpora, but it currently falls short of a publication standard. Key improvements include better framing of contributions and novelty, detailed and precise methodology, rigorous experiments with baselines, and a clear, concise presentation of conclusions and limitations. The authors should also improve reproducibility information and ethical considerations discussion. Addressing these issues could bring the paper to an acceptable quality level."
Top Modify Candidates,1708.09086,A Deep Learning Approach for Population Estimation from Satellite Imagery,Reject,Modify,MODIFY,0.85,50.0,"The use of CNNs for high-resolution gridded population estimation from satellite imagery is a timely and relevant application with practical significance for urban planning and resource allocation. The authors train and validate their models across a large geographic area (continental USA) with millions of samples, demonstrating scalability of the approach. The evaluation includes aggregating predictions at county level and comparing with census data, which is a meaningful real-world benchmark. The paper attempts to interpret model predictions and analyze per-pixel errors, providing insights beyond overall accuracy metrics. The methodology of training regionally-parameterized models on spatial chunks is sensible and motivated by prior work, addressing potential spatial heterogeneity.","The paper's novelty relative to existing work on population mapping with remote sensing and deep learning is not clearly articulated; related methods and baselines are not adequately compared. Baseline methods are insufficiently described or quantitatively compared against; it remains unclear if the deep learning models offer substantial improvement over simpler or traditional approaches. Writing clarity is hindered by long, complex sentences and insufficiently specific title and abstract, reducing accessibility to a broad audience. The conclusion section is overly lengthy and verbose, lacking a concise synthesis of contributions, key results, limitations, and future work. Figures, tables, or visualizations of predicted population maps and errors are missing or insufficiently highlighted, limiting intuition about model performance. Reproducibility details such as code, hyperparameters, computational resources, and data preprocessing steps are not explicitly provided. Ethical considerations regarding the impact of population estimation errors or biases in satellite imagery data are not discussed.","Title (high): Revise the title to explicitly state the use of CNNs for high-resolution population estimation from satellite imagery in the USA, highlighting novelty or scale if possible. Abstract and Introduction (high): Add a succinct abstract and strengthen the introduction to better contextualize the research gap and the proposed method's advantages. Related Work (high): Expand related work to critically analyze existing population mapping methods and clarify the novelty. Include baseline models such as traditional interpolation or random forests in experiments for direct comparison. Method and Experiments (high): Provide comprehensive details on CNN architectures, training details (epochs, optimization), data normalization, and sampling strategies to ensure reproducibility. Results and Analysis (high): Include standard evaluation metrics (e.g., RMSE, R^2), qualitative visualizations of predicted population grids, error heatmaps, and ablation studies. Conclusion (medium): Condense the conclusion to succinctly restate the main contributions, key quantitative findings, discuss limitations, and outline future work. Clarity and Writing Style (medium): Rewrite complex sentences into shorter, clearer ones. Use simpler language to improve readability throughout the paper. Ethics and Limitations (low): Add a section addressing limitations of the model, data biases, and ethical considerations regarding the use of estimated population data in decision-making.","Revise the title to be more specific and descriptive of the method and task. Add a clear, focused abstract summarizing the motivation, method, results, and contributions. Expand related work to better position the contributions and include quantitative comparisons to baseline methods in experiments. Enhance the methodological section with detailed information on CNN architectures, training procedures, and data preprocessing to improve reproducibility. Improve experimental results by adding comprehensive quantitative metrics, visual comparisons, and ablation studies to demonstrate the model's strengths and weaknesses. Shorten and improve the conclusion by summarizing contributions, discussing limitations, and proposing future work. Simplify and clarify the writing style, reducing sentence complexity to improve reader comprehension. Incorporate a discussion on ethical considerations and limitations relevant to population estimation from satellite data.","This paper tackles an important problem using deep learning, but currently lacks sufficient clarity, justification, and thorough experimental validation to warrant acceptance. The suggested revisions are concrete and address key weaknesses including clarity, reproducibility, methodological rigor, and comprehensiveness of evaluation. The authors should carefully implement these improvements to elevate the paper to a publishable standard."
Top Reject-Risk Papers,1511.00813,SAT as a game,Reject,Reject,REJECT,0.95,4.0,"The paper identifies and discusses interesting existing links between SAT problems and games, such as known Sudoku encodings and NP-hardness proofs related to Candy Crush, demonstrating awareness of relevant literature. References to a practical application, e.g., Olivier Roussel's SAT game web app, help ground the discussion in tangible examples, illustrating the interplay between SAT and game-like representations.","The manuscript lacks a clear and comprehensive introduction outlining the research problem, gap in the literature, paper contributions, and motivation. There is no detailed description of the proposed method or framework; the paper does not explain how SAT is being modeled or treated 'as a game' beyond cursory references. Experimental evidence and baseline comparisons are absent; the paper does not provide any evaluation, examples, or performance analysis to support its claims. The structure is incomplete and unclear, with missing sections such as methodology, experimental setup, results, discussion, and conclusion. Reproducibility is poor due to missing methodological details, formal definitions, and implementation specifics. Limitations and ethical considerations are not addressed, reducing the paper's completeness and scholarly rigor.","Introduction (high): Expand the introduction to explicitly articulate the problem being addressed, identify what is missing in current literature, and summarize the novel contributions of this paper along with motivation and paper organization. Methodology / Main Content (high): Provide a detailed explanation of the proposed approach, including formal definitions, theoretical foundations, and illustrative examples to demonstrate the modeling of SAT as a game. Experimental Section (high): Introduce experiments that evaluate the proposed concept, including comparisons to existing SAT solving or game-based approaches, supported by quantitative metrics and qualitative discussion. Manuscript Structure and Clarity (high): Reorganize the manuscript into standard sections (Introduction, Related Work, Methodology, Experiments, Discussion, Conclusion) and ensure clarity and logical flow throughout the text. Reproducibility (medium): Include sufficient technical details, pseudocode, and potentially code availability to enable reproducibility of the described work.","Revise the introduction to clearly define the research problem, motivation, and novel contributions. Develop a thorough methodology section explaining how SAT is modeled or treated as a game, supported by formal definitions and examples. Conduct and document experimental evaluations comparing the approach against existing techniques or baselines. Improve manuscript structure by adding all standard sections and enhancing clarity and logical flow. Address reproducibility by providing detailed methods and code or pseudocode. Discuss limitations and possible ethical considerations related to the approach. Add a concise conclusion summarizing contributions, experimental findings, limitations, and future directions.","This submission shows some awareness of the intersection between SAT and game theory but is currently far below the acceptance threshold due to fundamental deficiencies in clarity, contribution, methodology, and evaluation. Authors should undertake substantial revisions to clearly state their problem and contribution, develop a reproducible method, and empirically validate their claims. Only after such improvements should the paper be resubmitted for review."
Top Reject-Risk Papers,1709.01634,The Voynich Manuscript is Written in Natural Language: The Pahlavi Hypothesis,Reject,Reject,REJECT,0.95,4.5,"Addresses a longstanding, enigmatic problem about the VM which attracts significant interest. Attempts to link the manuscript's astronomical content to Zoroastrian culture, providing a culturally contextual hypothesis. Highlights potential identification of a colophon on f116v, which, if substantiated, could be a valuable finding. Acknowledges the speculative nature of the interpretation, showing cautiousness in claims.","Introduction and motivation are insufficiently detailed, lacking a clear outline of problem, gap, and contributions. Methodology is inadequately explained; the manuscript provides only a few word readings with no reproducible decoding framework or analytic procedure. No experimental section describing data sources, evaluation metrics, or comparison to existing hypotheses or methods. Lacks baseline comparisons or competing approaches to evaluating the Pahlavi hypothesis objectively. Insufficient ablation or in-depth analysis of alternative interpretations or linguistic testing. No explicit discussion of limitations beyond speculation nor ethical considerations about possible cultural misinterpretation. Reproducibility is severely limited due to missing computational or linguistic procedures, datasets, or code. Structure is poor; the excerpt provides only partial summaries without a coherent narrative or thorough argumentation for the claims.","Introduction (high): Expand the introduction to clearly state the problem addressed (deciphering VM), gaps in prior work, the novel angle of using Pahlavi language for decipherment, and outline the paper structure. Methodology (high): Include a comprehensive methodology section explaining how the linguistic matches were found, what scripts or lexicons were used, and how conclusions were drawn from visual or textual evidence. Experimental Evidence (high): Incorporate an experiments section that details tested samples from the VM, criteria for validating readings, and quantitative or qualitative evidence supporting the Pahlavi hypothesis compared against baselines. Baseline Comparison (medium): Add a discussion comparing findings with alternative theories, such as linguistic or statistical treatments, to place this work in context. Clarity and Structure (high): Reorganize the paper for clarity: clearly introduce goals, background, methodology, results, discussion, and conclusion with explicit signposting and logical flow. Reproducibility (high): Provide all relevant data, transcriptions, scripts, or code used for analysis in supplementary material or appendices to enable reproducibility.","Complete the introduction with explicit problem definition, motivation, and paper outline. Thoroughly detail the methodology used for linguistic decipherment and cultural analysis, enabling reproducibility. Add a dedicated experimental section reporting analyses on various manuscript sections, supporting evidence quantitatively or qualitatively. Include comparisons to alternative decipherment approaches or linguistic theories to contextualize contributions. Reorganize content to improve clarity, ensuring logical flow of arguments and definitions. Explicitly discuss limitations, uncertainties, and potential ethical implications related to cultural interpretation.","The paper proposes a potentially significant hypothesis linking the Voynich Manuscript to the Pahlavi language and Zoroastrian culture. However, the current manuscript is premature for acceptance due to insufficient methodological rigor, lack of reproducible analysis, and limited validation. The author should substantially strengthen the introduction, methodology, and experimental sections, as well as situate their work relative to existing literature. Clear articulation of claims and provision of data or code for reproducibility are essential. With thorough revision along these lines, the work could make a meaningful contribution to the field of manuscript decipherment and historical linguistics."
Top Reject-Risk Papers,1405.6068,Building of Networks of Natural Hierarchies of Terms Based on Analysis of Texts Corpora,Reject,Reject,REJECT,0.95,4.5,"The paper addresses an interesting problem of constructing networks of term hierarchies from text corpora, which has relevance to information retrieval and language network analysis. It proposes the novel use of horizontal visibility graphs methodology for building hierarchical term networks, which is an innovative approach worth exploring. The application domain involving arXiv electronic preprints on information retrieval is timely and practical, potentially providing useful insights for academic text analysis.","The introduction is minimal and does not clearly articulate the research problem, existing gaps, or specific contributions of the work, making it hard to understand the motivation and novelty. The methodological section lacks sufficient detail on how horizontal visibility graphs are applied to text corpora and how the networks are constructed and analyzed, limiting reproducibility. Experimental evidence is sparse and lacks quantitative evaluation, baseline comparisons, or ablation studies to establish the effectiveness of the proposed technique. The paper is very short (less than 5 pages) and does not contain clear sections on related work, error analysis, limitations, or ethical considerations. The title is vague and does not clearly reflect the task, method, and contribution, reducing the paper's accessibility and searchability. No clear conclusion is provided that summarizes contributions, main findings, limitations, and future directions.","Title (high): Revise the title to explicitly mention the use of horizontal visibility graphs for building term hierarchy networks from text corpora, highlighting novelty or application domain, e.g., ""Constructing Natural Hierarchies of Terms from Text Corpora using Horizontal Visibility Graphs"". Introduction (high): Expand the introduction to include a clear problem statement, motivation, research gap, and elaboration on how the proposed method addresses these gaps. Explicitly list contributions and outline the paper structure. Methodology (high): Provide a comprehensive explanation of the method, including definitions, algorithms, data preprocessing steps, parameter choices, and how the visibility graphs are constructed and interpreted for text corpora. Experiments and Results (high): Include detailed experimental evaluations using quantitative metrics, compare with existing baseline methods, analyze different components of the method (ablation), and discuss robustness or scalability. Manuscript Structure and Length (medium): Expand the manuscript to include separate sections for related work, detailed methodology, experiments, discussion, limitations, future work, and conclusions. Conclusion (medium): Add a conclusion that succinctly restates contributions, summarizes findings, discusses limitations, and outlines directions for future research.","Revise the title as recommended to clearly reflect the task and method. Expand the introduction substantially to include problem motivation, gap, and contributions. Thoroughly detail the methodology with clear explanations, algorithms, and data processing steps. Add comprehensive experiments with quantitative evaluations, baseline comparisons, and ablation analysis. Reorganize the manuscript to follow conventional structure including related work, results, limitations, and conclusion sections. Include a clear conclusion summarizing key points and future directions.","This paper proposes an intriguing approach applying horizontal visibility graphs to build natural hierarchies of terms from text corpora, but currently falls short in clarity, methodological detail, experimental support, and structure. To reach an acceptance level, the authors must substantially improve the exposition and provide rigorous empirical validation. The title, introduction, and conclusion need rewriting for clearer communication. The methodology section requires expansion with reproducible details, and solid experimental evidence including comparisons to baselines must be added. The paper length should be increased to meet community standards, with well-organized sections reflecting thorough scholarship."
Top Reject-Risk Papers,1412.5212,Application of Topic Models to Judgments from Public Procurement Domain,Reject,Reject,MODIFY,0.85,4.6,"The paper addresses an important domain—legal judgments in public procurement—where text mining can provide valuable insights. Utilization of a well-established statistical topic modeling technique (LDA) is appropriate for uncovering latent themes in legal texts. The paper references a final published version, indicating that the work has been peer-reviewed in some form, suggesting a good baseline of quality.","The manuscript lacks a clear and detailed introduction section that states the research problem, existing gap, and the authors' contributions explicitly. There is insufficient explanation of the methodology, including data preprocessing steps, parameter tuning of LDA, and rationale behind chosen settings. Experimental evidence is sparse; no quantitative metrics or qualitative evaluations of topic coherence or relevance are provided. The paper does not include baseline comparisons with other text mining or topic modeling methods, limiting assessment of novelty and effectiveness. No ablation study or detailed analysis is presented to assess the impact of different parameters or components of the approach. Limitations of the approach and ethical considerations regarding legal text mining are not discussed. The paper lacks a concise conclusion summarizing contributions, results, limitations, and future directions. Overall, the structure is weak, making it difficult to follow the narrative and technical details.","Introduction (high): Add an expanded introduction that clearly states the challenge in applying topic models to public procurement judgments, identifies the gap in existing work, explicitly states the novel contributions, and provides a roadmap of the paper. Methodology (high): Include a comprehensive methodology section detailing the data collection process, text preprocessing steps (tokenization, stop-word removal, etc.), parameter settings for LDA (number of topics, alpha, beta), and justification for these choices. Experimental Evidence (high): Provide experiments that evaluate topic coherence scores, domain expert evaluation of topics, and at least one baseline comparison (e.g., with other topic modeling or clustering methods). Discussion and Limitations (medium): Add a section discussing potential limitations of LDA on legal texts, data bias, interpretability challenges, and any ethical issues regarding privacy or data use. Conclusion (medium): Add a concise conclusion that reiterates the problem, approach, key findings, limitations, and outlines future research directions.","Revise the introduction to clearly state the problem, research gap, and contributions. Expand methodology to describe dataset used, preparation steps, and detailed LDA implementation. Add quantitative evaluations such as topic coherence and qualitative expert assessments. Include baseline comparisons and discuss advantages over existing approaches. Incorporate a limitations and ethics discussion focused on legal text mining. Write a clear conclusion summarizing the key insights and future work. Restructure the paper for better clarity and logical flow.",The paper covers a promising application area with an appropriate technique but suffers from structural and experimental weaknesses that impede understanding and assessment. Addressing these core issues with specific additions and a tighter narrative will significantly enhance the manuscript's quality and impact.
Top Reject-Risk Papers,1610.00378,,Reject,Reject,MODIFY,0.85,4.7,"The proposed modification to the PC algorithm is conceptually simple and intuitively sound, focusing on highest p-value conditioning sets to resolve ambiguities in collider orientation. The approach addresses a known limitation in the Conservative PC algorithm and avoids ambiguities with a clear rule, which is a meaningful contribution to constraint-based causal discovery methods. Preliminary experimental results suggest that the proposed PC-Max algorithm performs comparably to the score-based FGS algorithm, indicating potential practical value. The paper highlights pleasant side effects of the proposed tweak, such as avoiding bidirected edges during collider orientation, indicating insightful understanding of graphical model properties.","The title is missing or unreadable, significantly hampering reader comprehension and initial engagement. The introduction is minimal and lacks a clear statement of the research problem, motivation, literature gap, contributions, and paper organization. Related work and background literature are not adequately discussed, leaving unclear how the proposal compares to existing methods beyond CPC and FGS references. Experimental evaluation is very limited; there is no detailed description of datasets, metrics, or thorough baseline comparisons to established methods beyond a brief statement. No ablation study or analysis is provided to demonstrate the impact of choosing highest p-value conditioning sets or to dissect failure cases and limitations. There is no clear conclusion section that summarizes contributions, evidence, limitations, or outlines future work, diminishing the paper's clarity and impact. Reproducibility information such as algorithm pseudocode, parameter settings, or availability of code/data is missing, limiting the paper's usability by others.","Title (high): Provide a concise and descriptive title that reflects the core contribution, e.g., ""PC-Max: Enhancing the PC Algorithm by Maximizing Conditioning Set p-Values for Robust Collider Orientation."" Introduction (high): Expand the introduction to clearly describe the causal discovery problem, limitations of existing PC and CPC algorithms, motivation for using highest p-value conditioning sets, a summary of contributions, and paper organization. Related Work (medium): Add a dedicated related work section that compares and contrasts PC-Max with CPC, FGS, and other relevant algorithms, highlighting novelty and relevance. Experimental Evaluation (high): Include a detailed experimental setup section describing datasets (synthetic and/or real), metrics used (e.g., precision, recall, structural hamming distance), and comparative results against baseline algorithms with statistical significance where appropriate. Analysis and Ablation (medium): Perform ablation studies varying the conditioning set selection criteria, discuss failure modes, and justify how the highest p-value selection improves performance. Conclusion (medium): Add a concise conclusion that recaps the main contributions, experimental validation, acknowledges limitations, and proposes future research avenues. Reproducibility (high): Provide detailed pseudocode or algorithmic steps of PC-Max, specify parameter settings, and ideally share code repositories to improve reproducibility.","Revise and add a clear, descriptive title. Expand the introduction significantly to frame the problem and contributions. Add a related work section to position the work in the context of existing literature. Design and report comprehensive experiments with detailed methodology, datasets, and metrics. Include ablation studies to analyze the effect of selecting the highest p-value conditioning set. Write a thorough conclusion summarizing findings, limitations, and future work. Provide pseudocode and share code or detailed instructions for reproducibility.","The paper addresses a relevant problem in causal discovery with an elegant and simple idea. However, the incomplete presentation and limited experiments make it unsuitable for acceptance in its current form. The author is encouraged to strengthen the motivation, clarify the contributions, and conduct a thorough empirical evaluation to demonstrate the method's benefits convincingly."
